GeneID,gene_description
DDB_G0271692,predicted to have a signal peptide and an extracellular domain and one C-terminal transmembrane domain
DDB_G0278243,predicted to have a signal sequence and extracellular domain
DDB_G0285413,ortholog of human. ZNF511
DDB_G0287187,has similarity to PANTHER polyketide synthase and fatty acid synthase family
DDB_G0282707,"predicted to have a signal peptide, an extracellular domain and a C-terminal transmembrane domain"
DDB_G0269440,ortholog of human INTS14
DDB_G0290555,ortholog of human WDR74
DDB_G0270700,belongs to PANTHER EGF-like domain-containing protein comC family; predicted to have a signal peptide and an extracellular domain and one C-terminal transmembrane domain
DDB_G0289687,has similarity to ankyrin repeats
DDB_G0285985,predicted to have 7 transmembrane regions
DDB_G0281609,predicted to have a signal peptide and an extracellular domain
DDB_G0278029,predicted to have one transmembrane domain
DDB_G0279707,predicted to have a signal peptide and an extracellular domain
DDB_G0273851,predicted to have a signal peptide and an extracellular domain
DDB_G0290977,predicted to have eight transmembrane domains; has similarity to GATA zinc finger domain-containing proteins
DDB_G0291758,predicted to have 12 transmembrane domains
DDB_G0307042,belongs to PANTHER EGF-like domain-containing protein comC family; predicted to have a signal peptide and an extracellular domain and one C-terminal transmembrane domain
DDB_G0293402,predicted to have a signal peptide and an extracellular domain
DDB_G0285083,"predicted to have a signal peptide, an extracellular domain and a C-terminal transmembrane domain"
DDB_G0284645,predicted to have one transmembrane domain
DDB_G0271228,has similarity to SAP domain-containing proteins
DDB_G0287989,orthlogo of human RMND1; predicted to have one transmembrane domain
DDB_G0292812,"predicted to have a signal peptide, an extracellular domain and a C-terminal transmembrane domain"
DDB_G0272849,belongs to PANTHER EGF-like domain-containing protein comC family; predicted to have a signal peptide and an extracellular domain and one C-terminal transmembrane domain
DDB_G0274651,contains one predicted amino terminal transmembrane domain and an extracellular domain
DDB_G0271214,has similarity to SAP domain-containing proteins
DDB_G0347658,predicted to have two transmembrane domains
DDB_G0274149,"predicted to have a signal peptide, an extracellular domain and a C terminal transmembrane domain"
DDB_G0287003,predicted to have 10 transmembrane domains
DDB_G0286677,belongs to PANTHER EGF-like domain-containing protein comC family; predicted to have a signal peptide and an extracellular domain and one C-terminal transmembrane domain
DDB_G0293444,predicted to have 8 transmembrane domains
DDB_G0276675,ortholog of human CDIN1
DDB_G0283481,predicted to have a signal peptide and an extracellular domain
DDB_G0273049,predicted to have a signal peptide and an extracellular domain
DDB_G0291720,ortholog of human MFSD11; predicted to have 12 transmembrane domains
DDB_G0289157,cell density-sensing factor; has similarity to geranylgeranyl reductase family
DDB_G0279587,homolog of human CHLSN
DDB_G0273681,has similarity to B box-type domain-containing protein
DDB_G0284511,predicted to have a signal peptide and an extracellular domain
DDB_G0268188,has similarity to B box-type domain-containing protein
DDB_G0285609,"predicted to have a signal peptide, an extracellular domain and a C-terminal transmembrane domain"
DDB_G0278235,has similarity to F-box domain-containing proteins
DDB_G0290253,predicted to have 13 transmembrane domains
DDB_G0285049,predicted to have 4 transmembrane domains; similarity to PANTHER family integrator complex-associated protein
DDB_G0293244,ortholog of yeast TRM2
DDB_G0293448,predicted to have two transmembrane domains
DDB_G0273391,has similarity to PANTHER family Mediator complex subunit 12
DDB_G0269452,has similarity to PANTHER monoglucosyldiacylglycerol epimerase family
DDB_G0267938,has similarity to PANTHER B Box-type domain-containing protein family
DDB_G0290259,predicted to have a signal peptide and an extracellular domain
DDB_G0284341,ortholog of human ETFRF1
DDB_G0285459,predicted to have a signal peptide and an extracellular domain
DDB_G0281931,has similarity to a family of plant receptor-like serine/threonine kinases; predicted to have 9 transmembrane domains
DDB_G0291490,ortholog of human PIGT
DDB_G0284281,has similarity to PANTHER family Mediator complex subunit 12; predicted to have one transmembrane domain
DDB_G0286947,has similarity to ankyrin repeats
DDB_G0289399,belongs to PANTHER EGF-like domain-containing protein comC family; predicted to have a signal peptide and an extracellular domain and one C-terminal transmembrane domain
DDB_G0278265,predicted to have 12 transmembrane domains
DDB_G0285667,predicted to have 10 transmembrane domains
DDB_G0277431,belongs to PANTHER EGF-like domain-containing protein comC family; predicted to have a signal peptide and an extracellular domain and one C-terminal transmembrane domain
DDB_G0267530,predicted to have 3 transmembrane domains
DDB_G0289209,predicted to have a signal peptide and an extracellular domain
DDB_G0268108,predicted to have a signal peptide and an extracellular domain
DDB_G0267470,similarity to PANTHER quorum sensing complex regulator family; predicted to have a signal peptide and an extracellular domain and one C-terminal transmembrane domain
DDB_G0271430,has similarity to SAP domain-containing proteins
DDB_G0277443,has similarity to SAP domain-containing proteins
DDB_G0289011,ortholog of human RAB5IF; predicted to have 3 transmembrane domains
DDB_G0277447,has similarity to SAP domain-containing proteins
DDB_G0288497,has similarity to B box-type domain-containing protein
DDB_G0290257,predicted to have a signal peptide and an extracellular domain
DDB_G0270046,similarity to zinc binding domain-containing proteins
DDB_G0293378,ortholog of human TMX3; predicted to have a signal sequence and extracellular domain
DDB_G0283743,similarity to PANTHER quorum sensing complex regulator family; predicted to have a signal peptide and an extracellular domain and one C-terminal transmembrane domain
DDB_G0283993,belongs to PANTHER EGF-like domain-containing protein comC family; predicted to have a signal peptide and an extracellular domain and one C-terminal transmembrane domain
DDB_G0295701,has similarity to a family of proteins involved in differentiation and development
DDB_G0287427,predicted to have a signal sequence and an extracellular domain; has similarity to PANTHER family of proteins involved in differentiation and development
DDB_G0277179,ortholog of human RUSF1; predicted to have 6 transmembrane domains
DDB_G0284649,has similarity to PANTHER family prespore vesicle-associated protein
DDB_G0281853,predicted to have a signal peptide and an extracellular domain
DDB_G0269760,predicted to have two transmembrane domains
DDB_G0283497,"subunit of the TRAP complex aids in the translocation of nascent polypeptides into the lumen of the endoplasmic reticulum; predicted to have a signal sequence, extracellular domain and a transmembrane domain"
DDB_G0285113,ortholog of human AP5M1
DDB_G0283995,belongs to PANTHER EGF-like domain-containing protein comC family; predicted to have a signal peptide and an extracellular domain and one C-terminal transmembrane domain
DDB_G0280117,belongs to PANTHER EGF-like domain-containing protein comC family; predicted to have a signal peptide and an extracellular domain and one C-terminal transmembrane domain
DDB_G0282839,has similarity to PANTHER family THH1_TOM1_TOM3 DOMAIN-CONTAINING PROTEIN-RELATED-RELATED; predicted to have 7 transmembrane domains
DDB_G0273299,has similarity to PANTHER family THH1_TOM1_TOM3 DOMAIN-CONTAINING PROTEIN-RELATED-RELATED; predicted to have 7 transmembrane domains
DDB_G0292188,has similarity to a PANTHER family of proteins involved in immune response modulation
DDB_G0286979,predicted to have 12 transmembrane domains
DDB_G0285669,predicted to have 10 transmembrane domains
DDB_G0275247,has similarity to F-box domain-containing proteins
DDB_G0292630,predicted to have a signal peptide and an extracellular domain
DDB_G0272670,has similarity to SAP domain-containing proteins
DDB_G0285151,predicted to have one transmembrane domain
DDB_G0274173,predicted to have a signal peptide and an extracellular domain
DDB_G0278919,"predicted to have a signal peptide, an extracellular domain and a C-terminal transmembrane domain"
DDB_G0293644,PH domain-containing protein
DDB_G0275553,predicted to have a signal peptide and an extracellular domain
DDB_G0278659,has similarity to ankyrin repeats
DDB_G0286709,contains one predicted amino terminal transmembrane domain and an extracellular domain
DDB_G0291888,predicted to have 10 transmembrane regions
DDB_G0285493,ortholog of human TAF8
DDB_G0291908,ortholog of human THUMPD1
DDB_G0271358,predicted to have two transmembrane domains
DDB_G0289161,ortholog of human ACOT13
DDB_G0285409,has similarity to an aluminum-activated malate transporter and a family of proteins possibly involved in intracellular vesicle transport; predicted to have 12 transmembrane domains
DDB_G0281141,has similarity to PANTHER AAA_23 domain-containing protein family
DDB_G0285385,predicted to have 4 transmembrane domains
DDB_G0270290,predicted to have a signal peptide and an extracellular domain
DDB_G0279985,similarity to PANTHER quorum sensing complex regulator family; predicted to have a signal peptide and an extracellular domain and one C-terminal transmembrane domain
DDB_G0276959,belongs to PANTHER EGF-like domain-containing protein comC family; predicted to have a signal peptide and an extracellular domain and one C-terminal transmembrane domain
DDB_G0272052,predicted to have a signal peptide and an extracellular domain
DDB_G0289759,predicted to have a signal sequence and an extracellular domain; has similarity to PANTHER family of proteins involved in differentiation and development
DDB_G0279143,similarity to PANTHER quorum sensing complex regulator family; predicted to have a signal peptide and an extracellular domain and one C-terminal transmembrane domain
DDB_G0286853,predicted to have a signal peptide and an extracellular domain
DDB_G0268314,belongs to PANTHER EGF-like domain-containing protein comC family; predicted to have a signal peptide and an extracellular domain and one C-terminal transmembrane domain
DDB_G0279571,"predicted to have a signal peptide, an extracellular domain and a C-terminal transmembrane domain"
DDB_G0269494,has similarity to SAP domain-containing proteins
DDB_G0274219,has similarity to B box-type domain-containing protein
DDB_G0294555,has similarity to F-box domain-containing proteins
DDB_G0284355,ortholog of human ZC3HC1
DDB_G0286711,contains one predicted amino terminal transmembrane domain and an extracellular domain
DDB_G0283991,predicted to have 9 transmembrane domains
DDB_G0273133,has similarity to DEP domain-containing proteins
DDB_G0271408,has similarity to SAP domain-containing proteins
DDB_G0281157,predicted to have one C-terminal transmembrane domain
DDB_G0273769,has similarity to B box-type domain-containing protein
DDB_G0277757,predicted to have a signal peptide and an extracellular domain
DDB_G0291119,predicted to have a signal sequence and an extracellular domain; has similarity to PANTHER family of proteins involved in differentiation and development
DDB_G0267692,belongs to PANTHER EGF-like domain-containing protein comC family; predicted to have a signal peptide and an extracellular domain and one C-terminal transmembrane domain
DDB_G0272769,predicted to have 11 transmembrane domains
DDB_G0282673,predicted to have 10 transmembrane domains
DDB_G0278531,"predicted to have a signal peptide, an extracellular domain and a C-terminal transmembrane domain"
DDB_G0285127,ortholog of human TMPPE; predicted to have one transmembrane domain
DDB_G0276739,has similarity to PANTHER family of proteins associated with plant stress responses
DDB_G0284887,ortholog of human PDCD2L
DDB_G0276745,has similarity to PANTHER family of proteins associated with plant stress responses
DDB_G0293638,has similarity to panther CBM49 domain-containing protein; predicted to have a signal peptide and an extracellular domain
DDB_G0270532,predicted to have a signal peptide and an extracellular domain
DDB_G0270310,predicted to have 4 transmembrane domains
DDB_G0276705,has similarity to PANTHER family of proteins associated with plant stress responses
DDB_G0270936,predicted to have 7 transmembrane domains
DDB_G0267768,ortholog of human MYG1
DDB_G0272977,has similarity to B box-type domain-containing protein
DDB_G0277963,predicted to have a signal sequence and an extracellular domain; has similarity to PANTHER family of proteins involved in differentiation and development
DDB_G0271786,has similarity to a family of proteins possibly involved in intracellular vesicle transport; predicted to have 12 transmembrane domains
DDB_G0271478,has similarity to SAP domain-containing proteins
DDB_G0275793,ortholog of human SLC35F5; predicted to have 10 transmembrane domains
DDB_G0278713,ortholog of human PLPBP
DDB_G0279229,predicted to have a signal peptide and an extracellular domain
DDB_G0290285,"predicted to have a signal peptide, an extracellular domain and a C-terminal transmembrane domain"
DDB_G0269880,ortholog of human SUGCT
DDB_G0270926,predicted to have a signal peptide and an extracellular domain
DDB_G0276869,predicted to have a signal peptide and an extracellular domain
DDB_G0281235,ortholog of human NECAP1
DDB_G0280429,belongs to PANTHER EGF-like domain-containing protein comC family; predicted to have a signal peptide and an extracellular domain and one C-terminal transmembrane domain
DDB_G0277525,belongs to PANTHER EGF-like domain-containing protein comC family; predicted to have a signal peptide and an extracellular domain and one C-terminal transmembrane domain
DDB_G0285627,predicted to have a signal peptide and an extracellular domain
DDB_G0289703,predicted to have 12 transmembrane domains
DDB_G0292968,predicted to have a signal peptide and an extracellular domain
DDB_G0270060,predicted to have a signal peptide and an extracellular domain
DDB_G0286707,ortholog of human RMC1
DDB_G0285895,"similar to GDT family protein kinases, but lacks a protein kinase domain; predicted to have a signal peptide, an extracellular domain and a transmembrane domain"
DDB_G0269564,predicted to have a signal peptide and an extracellular domain
DDB_G0283849,ortholog of human Mmadhc
DDB_G0269782,ortholog of human DNAJC25; predicted to have two transmembrane domains
DDB_G0282701,predicted to have a signal peptide and an extracellular domain
DDB_G0280149,"predicted to have a signal peptide, an extracellular domain and a C-terminal transmembrane domain"
DDB_G0271024,predicted to have a signal sequence and extracellular domain
DDB_G0284233,predicted to have 3 transmembrane domains
DDB_G0286317,"predicted to have a signal peptide, an extracellular domain and a C-terminal transmembrane domain"
DDB_G0278879,"predicted to have a signal peptide, an extracellular domain and a transmembrane domain"
DDB_G0290399,has similarity to microtubule-associated protein 7 domain-containing protein
DDB_G0287063,predicted to have a signal sequence and an extracellular domain; has similarity to PANTHER family of proteins involved in differentiation and development
DDB_G0271912,similarity to PANTHER family EPHRIN_REC_LIKE DOMAIN-CONTAINING PROTEIN
DDB_G0269754,ortholog of human TMPPE
DDB_G0280063,predicted to have 7 transmembrane domains
DDB_G0268554,has similarity to F-box domain-containing proteins
DDB_G0293176,"predicted to have a signal peptide, an extracellular domain and 7 C-terminal transmembrane domains"
DDB_G0268762,ortholog of human CCDC86
DDB_G0281421,has similarity to B box-type domain-containing protein
DDB_G0286469,ortholog of human PSTK
DDB_G0288641,predicted to have two transmembrane domains
DDB_G0269598,predicted to have two transmembrane domains; has similarity to zinc-binding domain-containing proteins
DDB_G0277789,ortholog of human TMCO4
DDB_G0287897,has similarity to PAM2-like motif domain-containing protein family
DDB_G0270802,belongs to PANTHER EGF-like domain-containing protein comC family; predicted to have a signal peptide and an extracellular domain and one C-terminal transmembrane domain
DDB_G0292070,contains an F-box domain and 6 Kelch repeats; ortholog of human IVNS1ABP
DDB_G0291045,"predicted to have a signal peptide, an extracellular domain and a C-terminal transmembrane domain"
DDB_G0286877,"predicted to have a signal peptide, an extracellular domain and a C-terminal transmembrane domain"
DDB_G0273075,has similarity to B box-type domain-containing protein
DDB_G0274681,has similarity to golvesin-related protein
DDB_G0289965,predicted to have two transmembrane domains
DDB_G0285283,predicted to have a signal sequence and an extracellular domain; has similarity to PANTHER Prespore-cell-inducing factor family
DDB_G0283143,predicted to have a signal peptide and an extracellular domain and one C-terminal transmembrane domain
DDB_G0306979,belongs to PANTHER EGF-like domain-containing protein comC family; predicted to have a signal peptide and an extracellular domain and one C-terminal transmembrane domain
DDB_G0280299,predicted to have a signal peptide and an extracellular domain
DDB_G0272504,predicted to have a signal peptide and an extracellular domain
DDB_G0275713,predicted to have a signal sequence and an extracellular domain
DDB_G0274975,predicted to have 10 transmembrane domains
DDB_G0283691,predicted to have a signal peptide and an extracellular domain
DDB_G0281083,predicted to have a signal sequence and an extracellular domain; has similarity to PANTHER Prespore-cell-inducing factor family
DDB_G0274177,belongs to PANTHER EGF-like domain-containing protein comC family; predicted to have a signal peptide and an extracellular domain and one C-terminal transmembrane domain
DDB_G0289051,predicted to have a signal sequence and an extracellular domain; has similarity to PANTHER family of proteins involved in differentiation and development
DDB_G0271634,belongs to PANTHER EGF-like domain-containing protein comC family; predicted to have an extracellular domain and one C-terminal transmembrane domain
DDB_G0271354,predicted to have a signal peptide and an extracellular domain
DDB_G0292722,ortholog of human NDUFAF3
DDB_G0268996,predicted to have 12 transmembrane domains
DDB_G0285687,has similarity to PANTHER family THH1_TOM1_TOM3 DOMAIN-CONTAINING PROTEIN-RELATED-RELATED; predicted to have 7 transmembrane domains
DDB_G0273497,predicted to have 5 transmembrane domains
DDB_G0279957,predicted to have a signal peptide and a C-teminal transmembrane domain
DDB_G0280333,predicted to have a signal peptide and an extracellular domain
DDB_G0280759,predicted to have a signal sequence and extracellular domain
DDB_G0268784,predicted to have 12 transmembrane domains
DDB_G0290423,ortholog of human MFSD6; predicted to have 11 transmembrane domains
DDB_G0292116,ortholog of human HSDL2
DDB_G0272951,ortholog of human PSMD5
DDB_G0293762,predicted to have a signal peptide and an extracellular domain
DDB_G0270524,predicted to have 2 transmembrane domains
DDB_G0284443,predicted to have 7 transmembrane domains
DDB_G0295779,predicted to have a signal peptide and an extracellular domain
DDB_G0269834,predicted to have a signal peptide and an extracellular domain
DDB_G0278669,predicted to have 4 transmembrane domains
DDB_G0288695,"has similarity to UPF0746, a family predicted to be involved in organization of the actin cytoskeleton"
DDB_G0278451,"predicted to have a signal peptide, an extracellular domain and a C-terminal transmembrane domain"
DDB_G0292336,has similarity to ankyrin repeats
DDB_G0267672,has similarity to SAP domain-containing proteins
DDB_G0272773,predicted to have a signal peptide and an extracellular domain
DDB_G0272606,belongs to PANTHER EGF-like domain-containing protein comC family; predicted to have a signal peptide and an extracellular domain
DDB_G0270180,ortholog of yeast HOT13
DDB_G0272456,ortholog of human HEATR6
DDB_G0291760,predicted to have a signal peptide and an extracellular domain
DDB_G0285201,ortholog of human AVL9
DDB_G0274677,add to
DDB_G0291019,has similarity to NAD(P)-dependent oxidoreductases
DDB_G0271624,belongs to PANTHER EGF-like domain-containing protein comC family; predicted to have a signal peptide and an extracellular domain and one C-terminal transmembrane domain
DDB_G0273441,predicted to have 5 transmembrane domains
DDB_G0273371,has similarity to B box-type domain-containing protein
DDB_G0290143,predicted to have a signal peptide and an extracellular domain
DDB_G0278411,"similarity to PANTHER family ATP-DEPENDENT HELICASE/DEOXYRIBONUCLEASE SUBUNIT B; predicted to have a signal peptide, an extracellular domain and a transmembrane domain"
DDB_G0307043,belongs to PANTHER EGF-like domain-containing protein comC family; predicted to have a signal peptide and an extracellular domain and one C-terminal transmembrane domain
DDB_G0281259,ortholog of human METTL9
DDB_G0283103,predicted to have a signal peptide and an extracellular domain
DDB_G0289731,protein N-terminal domain-containing protein
DDB_G0349205,"predicted to have a signal peptide, an extracellular domain and 7 C-terminal transmembrane domains"
DDB_G0278923,"predicted to have a signal peptide, an extracellular domain and a C-terminal transmembrane domain"
DDB_G0292868,ortholog of human GOLT1B; predicted to have 4 transmembrane domains
DDB_G0288197,"predicted to have a signal sequence, an extracellular domain and a transmembrane domain"
DDB_G0271724,ortholog of human RRP15
DDB_G0272767,predicted to have a signal peptide and an extracellular domain
DDB_G0273297,has similarity to B box-type domain-containing protein
DDB_G0287471,predicted to have a signal sequence and an extracellular domain; has similarity to PANTHER family of proteins involved in differentiation and development
DDB_G0269170,ortholog of yeast TVP15; predicted to have 4 transmembrane domains
DDB_G0272937,has similarity to B box-type domain-containing protein
DDB_G0270342,predicted to have a signal sequence and an extracellular domain; has similarity to PANTHER Prespore-cell-inducing factor family
DDB_G0286881,belongs to PANTHER EGF-like domain-containing protein comC family; predicted to have a signal peptide and an extracellular domain and one C-terminal transmembrane domain
DDB_G0274931,"predicted to have a signal peptide, an extracellular domain and a C terminal transmembrane domain"
DDB_G0292016,ortholog of human VWA5A
DDB_G0269970,predicted to have 4 transmembrane domains
DDB_G0291428,predicted to have a signal sequence and an extracellular domain; has similarity to PANTHER family of proteins involved in differentiation and development
DDB_G0272470,ortholog of human SMG8
DDB_G0277669,ortholog of yeast glucose-6-phosphate 1-epimerase
DDB_G0284805,predicted to have a signal peptide and an extracellular domain
DDB_G0274735,predicted to have a signal sequence and an extracellular domain; has similarity to PANTHER family of proteins involved in differentiation and development
DDB_G0289451,ortholog of human TMEM167A
DDB_G0286933 (tnlB),belongs to PANTHER EGF-like domain-containing protein comC family; predicted to have a signal peptide and an extracellular domain
DDB_G0283623,belongs to PANTHER EGF-like domain-containing protein comC family; predicted to have a signal peptide and an extracellular domain and one C-terminal transmembrane domain
DDB_G0276925,predicted to have a signal peptide and an extracellular domain
DDB_G0281617,has similarity to a serine/threonine-protein kinase-related domain
DDB_G0284131,has similarity to SAP domain-containing proteins
DDB_G0278313,"predicted to have a signal peptide, an extracellular domain and a C-terminal transmembrane domain"
DDB_G0283775,has similarity to B box-type domain-containing protein
DDB_G0286873,predicted to have a signal sequence and an extracellular domain; has similarity to PANTHER family of proteins involved in differentiation and development
DDB_G0288293,ortholog of human PGAP2
DDB_G0287275,"predicted to have a signal peptide, an extracellular domain and a C-terminal transmembrane domain"
DDB_G0276697,has similarity to PANTHER family of proteins associated with plant stress responses
DDB_G0288931,predicted to have a signal peptide and an extracellular domain
DDB_G0292830,predicted to have 13 transmembrane domains
DDB_G0280121,ortholog of human ZMAT2
DDB_G0267612,predicted to have a signal peptide and an extracellular domain
DDB_G0273633,has similarity to DEP domain-containing proteins
DDB_G0284933,has similarity to B box-type domain-containing protein
DDB_G0287655,predicted to have a signal peptide and an extracellular domain
DDB_G0278231,predicted to have 3 transmembrane domains
DDB_G0267792,has similarity to endotoxin_N domain-containing protein
DDB_G0279509,has similarity to zinc finger proteins
DDB_G0280867,"predicted to have a signal peptide, an extracellular domain, and a C-terminal transmembrane domain"
DDB_G0272480,has similarity to negative elongation factor A domain-containing proteins
DDB_G0290107,similarity to zinc binding domain-containing proteins; predicted to have 9 transmembrane domains
DDB_G0268526,has similarity to protein kinase family
DDB_G0276581,"predicted to have a signal peptide, an extracellular domain and a C-terminal transmembrane domain"
DDB_G0282139,ortholog of human TMEM185A; predicted to have 8 transmembrane domains
DDB_G0291099,ortholog of human MSTO1
DDB_G0292620,ortholog of human and yeast COQ4
DDB_G0281231,belongs to PANTHER EGF-like domain-containing protein comC family; predicted to have a signal peptide and an extracellular domain and one C-terminal transmembrane domain
DDB_G0271418,has similarity to SAP domain-containing proteins
DDB_G0290349,predicted to have one transmembrane domain
DDB_G0279635,ortholog of human SAP30BP
DDB_G0284371,ortholog of human YAE1
DDB_G0290417,predicted to have a signal peptide and an extracellular domain
DDB_G0287195,"predicted to have a signal peptide, an extracellular domain and a C-terminal transmembrane domain"
DDB_G0281761,has similarity to RNA-binding proteins
DDB_G0269164,has similarity to human PCLO
DDB_G0277169,belongs to PANTHER EGF-like domain-containing protein comC family; predicted to have a signal peptide and an extracellular domain and one C-terminal transmembrane domain
DDB_G0282131,similarity to PANTHER quorum sensing complex regulator family; predicted to have a signal peptide and an extracellular domain and one C-terminal transmembrane domain
DDB_G0269322,belongs to PANTHER EGF-like domain-containing protein comC family; predicted to have a signal peptide and an extracellular domain and one C-terminal transmembrane domain
DDB_G0284179,has similarity to SAP domain-containing proteins
DDB_G0283851,predicted to have a signal peptide and an extracellular domain
DDB_G0288869,belongs to PANTHER EGF-like domain-containing protein comC family; predicted to have a signal peptide and an extracellular domain and one C-terminal transmembrane domain
DDB_G0268846,predicted to have a signal peptide and an extracellular domain
DDB_G0272174,has similarity to golvesin-related protein
DDB_G0290993,predicted to have a signal peptide and an extracellular domain
DDB_G0271330,has similarity to SAP domain-containing proteins
DDB_G0272438,has similarity to B box-type domain-containing protein
DDB_G0277205,predicted to have 3 transmembrane domains
DDB_G0286595,"predicted to have a signal peptide, an extracellular domain and a C-terminal transmembrane domain"
DDB_G0293186,predicted to have a signal sequence and an extracellular domain
DDB_G0287703,predicted to have a C-terminal transmembrane domain
DDB_G0271294,putative E3 ubiquitin-protein ligase; ortholog of mouse Ark2c
DDB_G0274189,predicted to have a signal peptide and an extracellular domain
DDB_G0272198,predicted to have a signal peptide and an extracellular domain
DDB_G0277311,has similarity to
DDB_G0293940,predicted to have a signal peptide and an extracellular domain
DDB_G0273089,"ortholog of human COQ10A, COQ10B"
DDB_G0283495,ortholog of human WDR70
DDB_G0287239,predicted to have 7 transmembrane domains
DDB_G0279829,predicted to have 7 transmembrane domains
DDB_G0284105,orthlog of human ZNF277
DDB_G0281159,has similarity to Myb-like domain-containing protein
DDB_G0272302,ortholog of human PET117; predicted to have one transmembrane domain
DDB_G0290675,predicted to have 3 transmembrane domains
DDB_G0283577,belongs to PANTHER EGF-like domain-containing protein comC family; predicted to have a signal peptide and an extracellular domain and one C-terminal transmembrane domain
DDB_G0268094,predicted to have a signal sequence and an extracellular domain; has similarity to PANTHER family of proteins involved in differentiation and development
DDB_G0288301,"predicted to have a signal peptide, an extracellular domain and a C-terminal transmembrane domain"
DDB_G0267576,ortholog of human PDRG1
DDB_G0271362,has similarity to SAP domain-containing proteins
DDB_G0276847,belongs to PANTHER EGF-like domain-containing protein comC family; predicted to have a signal peptide and an extracellular domain and one C-terminal transmembrane domain
DDB_G0276489,ortholog of human ZFPL1; predicted to have one transmembrane domain
DDB_G0290835,belongs to PANTHER EGF-like domain-containing protein comC family; predicted to have a signal peptide and an extracellular domain and one C-terminal transmembrane domain
DDB_G0270744,ortholog of human RABL6
DDB_G0290061,"predicted to have a signal peptide, an extracellular domain and a C-terminal transmembrane domain"
DDB_G0286313,predicted to have a signal peptide and an extracellular domain
DDB_G0271150,predicted to have one transmembrane domain
DDB_G0278325,"predicted to have a signal peptide, an extracellular domain and a C-terminal transmembrane domain"
DDB_G0288091,has similarity to Rho GTPase-activating proteins
DDB_G0286791,predicted to have a signal peptide and an extracellular domain
DDB_G0292154,has similarity to B box-type domain-containing protein
DDB_G0274277,has similarity to B box-type domain-containing protein
DDB_G0278233,ortholog of human DNAJC17
DDB_G0285975,ortholog of human VWA5A
DDB_G0270304,predicted to have 4 transmembrane domains
DDB_G0288867,has similarity to B box-type domain-containing protein
DDB_G0287841,predicted to have a signal peptide and a C-teminal transmembrane domain
DDB_G0270914,predicted to have a signal peptide and an extracellular domain
DDB_G0289205,has similarity to a family of proteins involved in regulation of the cAMP signaling pathway; predicted to have 12 transmembrane domains
DDB_G0269990,ortholog of human TBCE
DDB_G0292468,ortholog of human KRI1
DDB_G0275033,has similarity to a PANTHER family of proteins involved in immune response modulation
DDB_G0268844,predicted to have a signal peptide and an extracellular domain
DDB_G0277421,has similarity to a serine/threonine-protein kinase-related domain
DDB_G0273593,has similarity to PANTHER family Mediator complex subunit 12
DDB_G0277415,has similarity to a serine/threonine-protein kinase-related domain
DDB_G0281027,predicted to have one transmembrane domain
DDB_G0275251,predicted to have a signal peptide and an extracellular domain
DDB_G0278381,ortholog of human ARHGAP15
DDB_G0271638,belongs to PANTHER EGF-like domain-containing protein comC family; predicted to have a signal peptide and an extracellular domain and one C-terminal transmembrane domain
DDB_G0287877,has similarity to PANTHER monoglucosyldiacylglycerol epimerase family
DDB_G0272540,has similarity to SAP domain-containing proteins
DDB_G0270058,predicted to have a signal peptide and an extracellular domain
DDB_G0273803,"ortholog of human COQ10A, COQ10B"
DDB_G0284779,has similarity to PANTHER PhistB domain-containing ResA-like protein 1 family
DDB_G0281967,predicted to have a signal peptide and an extracellular domain
DDB_G0268384,contains a C2 domain and TPR domain
DDB_G0289315,has similarity to B box-type domain-containing protein
DDB_G0267684,predicted to have a signal peptide and an extracellular domain
DDB_G0278441,predicted to have three transmembrane domains
DDB_G0285439,ortholog of human PPP1R21
DDB_G0267720,predicted to have a signal sequence and extracellular domain
DDB_G0282655,ortholog of human TMA16
DDB_G0274685,has similarity to golvesin-related protein
DDB_G0268420,belongs to PANTHER EGF-like domain-containing protein comC family; predicted to have a signal peptide and an extracellular domain and one C-terminal transmembrane domain
DDB_G0267608,predicted to have a signal peptide and an extracellular domain
DDB_G0280003,belongs to PANTHER EGF-like domain-containing protein comC family; predicted to have a signal peptide and an extracellular domain and one C-terminal transmembrane domain
DDB_G0290839,has similarity to F-box domain-containing proteins
DDB_G0279091,has similarity to golvesin-related protein
DDB_G0284633,predicted to have 5 transmembrane domains
DDB_G0285219,predicted to have a signal peptide and an extracellular domain
DDB_G0349136,belongs to PANTHER EGF-like domain-containing protein comC family; predicted to have a signal peptide and an extracellular domain and one C-terminal transmembrane domain
DDB_G0286417,belongs to PANTHER EGF-like domain-containing protein comC family; predicted to have a signal peptide and an extracellular domain
DDB_G0290283,similarity to PANTHER quorum sensing complex regulator family; predicted to have a signal peptide and an extracellular domain and one C-terminal transmembrane domain
DDB_G0270066,predicted to have a signal sequence and extracellular domain
DDB_G0270326,has similarity to B box-type domain-containing protein
DDB_G0292138,ortholog of human EIF1AD
DDB_G0272843,has similarity to SAP domain-containing proteins
DDB_G0272090,has similarity to Kelch/BTB domain-containing proteins; predicted to have six transmembrane domains
DDB_G0277603,"predicted to have a signal peptide, an extracellular domain and a C terminal transmembrane domain"
DDB_G0287479,has similarity to F-box domain-containing proteins
DDB_G0274473,similarity to PANTHER quorum sensing complex regulator family; predicted to have a signal peptide and an extracellular domain and one C-terminal transmembrane domain
DDB_G0286963 (tnlA),belongs to PANTHER EGF-like domain-containing protein comC family; predicted to have a signal peptide and an extracellular domain and one C-terminal transmembrane domain
DDB_G0290489,predicted to have a signal peptide and an extracellular domain
DDB_G0277053,has similarity to DNA replication regulatory kinase subunit
DDB_G0285675,predicted to have a signal peptide and an extracellular domain
DDB_G0279339,predicted to have a signal sequence and an extracellular domain; has similarity to PANTHER family of proteins involved in differentiation and development
DDB_G0268352,belongs to PANTHER EGF-like domain-containing protein comC family; predicted to have a signal peptide and an extracellular domain and one C-terminal transmembrane domain
DDB_G0277153,predicted to have a signal peptide and an extracellular domain
DDB_G0283635,ortholog of human WDR89
DDB_G0286613,ortholog of human PARP4
DDB_G0295691,predicted to have 9 transmembrane regions
DDB_G0281503,has similarity to PANTHER family prespore vesicle-associated protein
DDB_G0282885,ortholog of human RPAP3
DDB_G0276179,predicted to have a signal peptide and an extracellular domain
DDB_G0277557,belongs to PANTHER EGF-like domain-containing protein comC family; predicted to have a signal peptide and an extracellular domain and one C-terminal transmembrane domain
DDB_G0270766,has similarity to PANTHER monoglucosyldiacylglycerol epimerase family
DDB_G0279953,predicted to have a signal peptide and a C-teminal transmembrane domain
DDB_G0284935,predicted to have a signal peptide and an extracellular domain
DDB_G0290265,predicted to have a signal peptide and an extracellular domain
DDB_G0269354,"predicted to have a signal peptide, an extracellular domain and a C-terminal transmembrane domain"
DDB_G0274755,contains one predicted amino terminal transmembrane domain and an extracellular domain
DDB_G0268096,has similarity to F-box domain
DDB_G0274987,predicted to have a signal peptide and an extracellular domain
DDB_G0291602,has similarity to panther CBM49 domain-containing protein; predicted to have a signal peptide and an extracellular domain
DDB_G0289757,predicted to have a signal sequence and an extracellular domain; has similarity to PANTHER family of proteins involved in differentiation and development
DDB_G0286211,predicted to have a signal peptide and an extracellular domain and one C-terminal transmembrane domain
DDB_G0269998,has similarity to a family of proteins possibly involved in intracellular vesicle transport; predicted to have 12 transmembrane domains
DDB_G0270686,predicted to have a signal sequence and extracellular domain
DDB_G0273933,predicted to have a signal peptide and an extracellular domain
DDB_G0286209,belongs to PANTHER EGF-like domain-containing protein comC family; predicted to have a signal peptide and an extracellular domain and one C-terminal transmembrane domain
DDB_G0276275,predicted to have a signal peptide and an extracellular domain
DDB_G0272042,predicted to have a signal sequence and an extracellular domain; has similarity to PANTHER Prespore-cell-inducing factor family
DDB_G0276419,ortholog of human ACOT13
DDB_G0277177,ortholog of human METTL25B
DDB_G0274245,predicted to have 4 transmembrane domains
DDB_G0290777,has similarity to B box-type domain-containing protein
DDB_G0274515,has similarity to golvesin-related protein; predicted to have a signal peptide and an extracellular domain
DDB_G0293664,"predicted to have a signal peptide, an extracellular domain and a C-terminal transmembrane domain"
DDB_G0269062,ortholog of human TRAPPC13
DDB_G0276393,predicted to have a signal peptide and an extracellular domain; C-terminal region has similarity to the osmotin/thaumatin-like superfamily
DDB_G0277325,belongs to PANTHER EGF-like domain-containing protein comC family; predicted to have a signal peptide and an extracellular domain and one C-terminal transmembrane domain
DDB_G0292740,ortholog of human VWA5A
DDB_G0275413,ortholog of human TMCO4
DDB_G0282483,predicted to have two transmembrane domains
DDB_G0293242,predicted to have a signal peptide and an extracellular domain
DDB_G0282843,has similarity to PANTHER family THH1_TOM1_TOM3 DOMAIN-CONTAINING PROTEIN-RELATED-RELATED; predicted to have 7 transmembrane domains
DDB_G0276861,ortholog of human HGH1
DDB_G0292320,"ortholog of human, mouse UNC50"
DDB_G0283869,belongs to PANTHER EGF-like domain-containing protein comC family; predicted to have a signal peptide and an extracellular domain and one C-terminal transmembrane domain
DDB_G0276277,predicted to have a signal peptide and an extracellular domain
DDB_G0272963,has similarity to SAP domain-containing proteins
DDB_G0285923,predicted to have a signal sequence and an extracellular domain; has similarity to PANTHER family of proteins involved in differentiation and development
DDB_G0267756,predicted to have a signal peptide and an extracellular domain
DDB_G0275523,similarity to PANTHER quorum sensing complex regulator family; predicted to have a signal peptide and an extracellular domain
DDB_G0276857,predicted to have 7 transmembrane domains
DDB_G0284765,predicted to have a signal peptide and an extracellular domain
DDB_G0290473,has similarity to PANTHER monoglucosyldiacylglycerol epimerase family
DDB_G0279945,"predicted to have a signal peptide, an extracellular domain and a C-terminal transmembrane domain"
DDB_G0289907,"predicted to have a signal peptide, an extracellular domain and a C-terminal transmembrane domain"
DDB_G0295849,predicted to have 7 transmembrane domains
DDB_G0286323,"predicted to have a signal peptide, an extracellular domain and a C-terminal transmembrane domain"
DDB_G0269296,predicted to have 12 transmembrane domains
DDB_G0285431,predicted to have a signal sequence and an extracellular domain
DDB_G0287483,predicted to have a signal sequence and an extracellular domain; has similarity to PANTHER family of proteins involved in differentiation and development
DDB_G0272366,belongs to PANTHER EGF-like domain-containing protein comC family; predicted to have a signal peptide and an extracellular domain and one C-terminal transmembrane domain
DDB_G0268500,has similarity to B box-type domain-containing protein
DDB_G0282123,has similarity to vacuolar import and degradation regulator family protein
DDB_G0292098,belongs to PANTHER EGF-like domain-containing protein comC family; predicted to have a signal peptide and an extracellular domain and one C-terminal transmembrane domain
DDB_G0268564,ortholog of human PXMP4
DDB_G0274171,predicted to have a signal peptide and an extracellular domain
DDB_G0291169,predicted to have a signal peptide and an extracellular domain
DDB_G0285685,has similarity to PANTHER family THH1_TOM1_TOM3 DOMAIN-CONTAINING PROTEIN-RELATED-RELATED; predicted to have 7 transmembrane domains
DDB_G0270300,predicted to have 4 transmembrane domains
DDB_G0281177,ortholog of human tmem208; predicted to have four transmembrane domains
DDB_G0284377,predicted to have 12 transmembrane domains
DDB_G0269004,belongs to PANTHER EGF-like domain-containing protein comC family; predicted to have a signal peptide and an extracellular domain and one C-terminal transmembrane domain
DDB_G0285423,"predicted to have a signal peptide, an extracellular domain and a C-terminal transmembrane domain"
DDB_G0277417,has similarity to a serine/threonine-protein kinase-related domain
DDB_G0268494,has similarity to SAP domain-containing proteins
DDB_G0283985,predicted to have 12 transmembrane domains
DDB_G0284223,ortholog of human TMPPE; predicted to have six transmembrane domains
DDB_G0285335,ortholog of human TSEN54
DDB_G0275067,ortholog of human RP9
DDB_G0287667,belongs to PANTHER EGF-like domain-containing protein comC family; predicted to have a signal peptide and an extracellular domain and one C-terminal transmembrane domain
DDB_G0281143,predicted to have 3 transmembrane domains
DDB_G0288781,predicted to have a signal peptide and an extracellular domain; C-terminal region has similarity to the osmotin/thaumatin-like superfamily
DDB_G0285771,predicted to have a signal peptide and an extracellular domain
DDB_G0282059,has similarity to B box-type domain-containing protein
DDB_G0285691,has similarity to PANTHER family THH1_TOM1_TOM3 DOMAIN-CONTAINING PROTEIN-RELATED-RELATED; predicted to have 7 transmembrane domains
DDB_G0274155,predicted to have 6 transmembrane domains
DDB_G0275575,contains one CBM49 (carbohydrate-binding module) domain; predicted to have a signal peptide and an extracellular domain
DDB_G0271202,has similarity to SAP domain-containing proteins
DDB_G0277747,ortholog of human SPRING1
DDB_G0287621,ortholog of yeast YME2; predicted to have one transmembrane domain
DDB_G0268116,"ortholog of human F8A1, F8A2, F8A3"
DDB_G0276735,has similarity to PANTHER family of proteins associated with plant stress responses
DDB_G0279203,predicted to have two C-terminal transmembrane domains
DDB_G0349499,"predicted to have a signal peptide, an extracellular domain and a C-terminal transmembrane domain"
DDB_G0281945,predicted to have two transmembrane domains
DDB_G0271592,has similarity to Fe2OG dioxygenase domain-containing proteins
DDB_G0281423,has similarity to B box-type domain-containing protein
DDB_G0287665,"predicted to have a signal peptide, an extracellular domain and a C-terminal transmembrane domain"
DDB_G0279577,"predicted to have a signal peptide, an extracellular domain and 7 C-terminal transmembrane domains"
DDB_G0272700,ortholog of human HSPA12A
DDB_G0270292,predicted to have a signal peptide and an extracellular domain
DDB_G0268950,contains one predicted amino terminal transmembrane domain and an extracellular domain
DDB_G0291414,ortholog of human COMMD9
DDB_G0273749,"has similarity to UPF0746, a family predicted to be involved in organization of the actin cytoskeleton"
DDB_G0279485,"predicted to have a signal peptide, an extracellular domain and a C-terminal transmembrane domain"
DDB_G0278097,has similarity to PANTHER ARL6IP4 protein family
DDB_G0270112,has similarity to PANTHER family prespore vesicle-associated protein
DDB_G0292680,ortholog of human CCDC93
DDB_G0279155,ortholog of human THUMPD1
DDB_G0289741,has similarity to a family of proteins possibly involved in intracellular vesicle transport; predicted to have 12 transmembrane domains
DDB_G0273077,predicted to have two transmembrane domains
DDB_G0271406,has similarity to SAP domain-containing proteins
DDB_G0272226,has similarity to vacuolar import and degradation regulator family protein
DDB_G0267840,has similarity to PANTHER family prespore vesicle-associated protein
DDB_G0288393,has similarity to B box-type domain-containing protein
DDB_G0287271 (gol),predicted to have one transmembrane domain
DDB_G0289755,ortholog of human RELCH
DDB_G0295675,predicted to have a signal peptide and an extracellular domain and one C-terminal transmembrane domain
DDB_G0288051,predicted to have a signal sequence and extracellular domain
DDB_G0270330,predicted to have a signal peptide and an extracellular domain
DDB_G0271216,has similarity to SAP domain-containing proteins
DDB_G0286251,predicted to have a signal peptide and a transmembrane domain
DDB_G0291722,ortholog of human MFSD11; predicted to have 12 transmembrane domains
DDB_G0286759,predicted to have 4 transmembrane domains
DDB_G0275107,predicted to have a signal sequence and an extracellular domain
DDB_G0270528,predicted to have one transmembrane domain
DDB_G0286437,belongs to PANTHER EGF-like domain-containing protein comC family; predicted to have a signal peptide and an extracellular domain and one C-terminal transmembrane domain
DDB_G0272364,belongs to PANTHER EGF-like domain-containing protein comC family; predicted to have a signal peptide and an extracellular domain and one C-terminal transmembrane domain
DDB_G0271412,has similarity to SAP domain-containing proteins
DDB_G0287059,has similarity to B box-type domain-containing protein
DDB_G0284777,"ortholog of human SARAF; predicted to have a signal sequence, an extracellular domain and a transmembrane domain"
DDB_G0286431,belongs to PANTHER EGF-like domain-containing protein comC family; predicted to have a signal peptide and an extracellular domain
DDB_G0275789,belongs to PANTHER EGF-like domain-containing protein comC family; predicted to have a signal peptide and an extracellular domain and one C-terminal transmembrane domain
DDB_G0277531,"predicted to have a signal peptide, an extracellular domain and a C-terminal transmembrane domain"
DDB_G0291572,predicted to have a signal sequence and an extracellular domain; has similarity to PANTHER family of proteins involved in differentiation and development
DDB_G0285359,predicted to have 4 transmembrane domains
DDB_G0282699,predicted to have a signal peptide and an extracellular domain
DDB_G0292874,ortholog of human PSME3IP1
DDB_G0292410,ortholog of human ZC3H15
DDB_G0295733,ortholog of human ACOT13
DDB_G0273767,predicted to have two transmembrane domains
DDB_G0292466,ortholog of human NOL10
DDB_G0281257,has similarity to B box-type domain-containing protein
DDB_G0292988,"predicted to have a signal peptide, an extracellular domain and 7 C-terminal transmembrane domains"
DDB_G0269482,has similarity to a PANTHER family of proteins involved in immune response modulation
DDB_G0279805,ortholog of human ACTMAP
DDB_G0291492,predicted to have a signal sequence and an extracellular domain; has similarity to PANTHER family of proteins involved in differentiation and development
DDB_G0285031,has similarity to mediator complex subunit 12 family
DDB_G0282431,ortholog of human SNUPN
DDB_G0273673,ortholog of human ARB2A
DDB_G0285225,predicted to have 12 transmembrane domains
DDB_G0289201 (mfsd1),ortholog of human MFSD1; predicted to have 12 transmembrane domains
DDB_G0276911,has similarity to PANTHER family THH1_TOM1_TOM3 DOMAIN-CONTAINING PROTEIN-RELATED-RELATED; predicted to have 7 transmembrane domains
DDB_G0277639,has similarity to F-box domain proteins
DDB_G0290521,predicted to have a signal peptide and an extracellular domain
DDB_G0275791,predicted to have 6 transmembrane domains
DDB_G0282421,ortholog of mouse Ap5b1
DDB_G0267878,has similarity to B box-type domain-containing protein
DDB_G0295821,has similarity to a family of proteins possibly involved in intracellular vesicle transport; predicted to have 12 transmembrane domains
DDB_G0286973,"predicted to have a signal peptide, an extracellular domain and a C-terminal transmembrane domain"
DDB_G0279955,predicted to have a signal peptide and an extracellular domain
DDB_G0285913,has similarity to B box-type domain-containing protein
DDB_G0285911,has similarity to Rho GTPase-activating proteins
DDB_G0271152,predicted to have one transmembrane domain
DDB_G0281147,predicted to have 3 transmembrane domains
DDB_G0285237,predicted to have a signal peptide and an extracellular domain
DDB_G0278817,ortholog of human B3GNTL1
DDB_G0289515,ortholog of human PIGS; predicted to have two transmembrane domains
DDB_G0281149,predicted to have 3 transmembrane domains
DDB_G0278503,predicted to have a signal peptide and an extracellular domain
DDB_G0288729,ortholog of human RTN4IP1
DDB_G0280271,predicted to have a signal peptide and an extracellular domain
DDB_G0273113,predicted to have a signal peptide and an extracellular domain
DDB_G0271404,has similarity to SAP domain-containing proteins
DDB_G0268626,"predicted to have a signal peptide, an extracellular domain and a C-terminal transmembrane domain"
DDB_G0289113,belongs to PANTHER EGF-like domain-containing protein comC family; predicted to have a signal peptide and an extracellular domain and one C-terminal transmembrane domain
DDB_G0270294,predicted to have a signal peptide and an extracellular domain
DDB_G0285665,predicted to have 10 transmembrane domains
DDB_G0284169,predicted to have four transmembrane domains
DDB_G0275245,"predicted to have a signal peptide, an extracellular domain and a C-terminal transmembrane domain"
DDB_G0269594,predicted to have 10 transmembrane domains
DDB_G0281377,predicted to have a signal peptide and an extracellular domain
DDB_G0270288,predicted to have a signal peptide and an extracellular domain
DDB_G0281749,ortholog of human GUCD1; contains a guanylyl cyclase domain
DDB_G0283901,"ortholog of human, yeast CWC25"
DDB_G0289891,"ortholog of yeast DLT1; member of NICE-3 family; predicted to have a signal peptide, an extracellular domain and a transmembrane domain"
DDB_G0270720,ortholog of human MFSD6; predicted to have 11 transmembrane domains
DDB_G0268862,predicted to have 12 transmembrane domains
DDB_G0290261,predicted to have a signal peptide and an extracellular domain
DDB_G0269740,predicted to have a signal peptide and an extracellular domain
DDB_G0293720,"predicted to have a signal peptide, an extracellular domain and a C-terminal transmembrane domain"
DDB_G0276733,has similarity to a family of proteins involved in regulation of the cAMP signaling pathway; predicted to have 12 transmembrane domains
DDB_G0274533,predicted to have 7 transmembrane domains
DDB_G0279999,belongs to PANTHER EGF-like domain-containing protein comC family; predicted to have a signal peptide and an extracellular domain and one C-terminal transmembrane domain
DDB_G0289575,predicted to have a signal peptide and an extracellular domain
DDB_G0274037,belongs to PANTHER EGF-like domain-containing protein comC family; predicted to have a signal peptide and an extracellular domain
DDB_G0290635,"predicted to have a signal peptide, an extracellular domain and a C-terminal transmembrane domain"
DDB_G0289413,predicted to have six transmembrane domains
DDB_G0274679,add to
DDB_G0283403,ortholog of human FERRY3
DDB_G0271808,"predicted to have a signal peptide, an extracellular domain and a C-terminal transmembrane domain"
DDB_G0289869,belongs to PANTHER EGF-like domain-containing protein comC family; predicted to have a signal peptide and an extracellular domain and one C-terminal transmembrane domain
DDB_G0271636,belongs to PANTHER EGF-like domain-containing protein comC family; predicted to have an extracellular domain and one C-terminal transmembrane domain
DDB_G0277317,predicted to have 4 transmembrane domains
DDB_G0280157,"predicted to have a signal peptide, an extracellular domain and a C-terminal transmembrane domain"
DDB_G0278579,ortholog of human DCTN5
DDB_G0286655,has similarity to PANTHER monoglucosyldiacylglycerol epimerase family
DDB_G0286265,predicted to have 4 transmembrane domains
DDB_G0291462,predicted to have 10 transmembrane regions
DDB_G0274429,"predicted to have a signal peptide, an extracellular domain and a C terminal transmembrane domain"
DDB_G0285663,predicted to have 10 transmembrane domains
DDB_G0276309,belongs to PANTHER EGF-like domain-containing protein comC family; predicted to have a signal peptide and an extracellular domain and one C-terminal transmembrane domain
DDB_G0291171,predicted to have a signal peptide and an extracellular domain
DDB_G0283215,"predicted to have a signal peptide, an extracellular domain and a C-terminal transmembrane domain"
DDB_G0279775,has similarity to Myb-like domain-containing protein
DDB_G0270774,"predicted to have a signal peptide, an extracellular domain and 7 C-terminal transmembrane domains"
DDB_G0271484,predicted to have 10 transmembrane domains
DDB_G0291289,has similarity to F box proteins
DDB_G0276859,has similarity to PANTHER endotoxin N domain-containing protein family
DDB_G0267620,predicted to have a signal sequence and an extracellular domain; has similarity to PANTHER family of proteins involved in differentiation and development
DDB_G0270732,has similarity to SAP domain-containing proteins
DDB_G0288639,ortholog of human DNAJC7
DDB_G0272396,predicted to have a signal sequence and an extracellular domain; has similarity to PANTHER family of proteins involved in differentiation and development
DDB_G0268828,has similarity to a family of putative differentiation-associated signaling proteins
DDB_G0289603,has similarity to B box-type domain-containing protein
DDB_G0272370,has similarity to B box-type domain-containing protein
DDB_G0291856,predicted to have a signal peptide and an extracellular domain
DDB_G0272074,predicted to have a signal peptide and an extracellular domain
DDB_G0277575,ortholog of human TMEM234; predicted to have four transmembrane regions
DDB_G0284263,ortholog of human DNAJC11
DDB_G0283041,predicted to have a signal peptide and an extracellular domain
DDB_G0275003,has similarity to SAP domain-containing proteins
DDB_G0302543,ortholog of human CABLES1
DDB_G0284943,ortholog of human MFSD4B; predicted to have twelve transmembrane domains
DDB_G0290373,has similarity to zinc binding domain-containing proteins
DDB_G0272929,ortholog of human IFI27L1 and IFI27L2
DDB_G0291554,predicted to have 15 transmembrane domains
DDB_G0291576,predicted to have a signal sequence and an extracellular domain
DDB_G0277555,belongs to PANTHER EGF-like domain-containing protein comC family; predicted to have a signal peptide and an extracellular domain and one C-terminal transmembrane domain
DDB_G0287167,"predicted to have a signal peptide, an extracellular domain and a C-terminal transmembrane domain"
DDB_G0275853,ortholog of human TMEM260; predicted to have 11 transmembrane domains
DDB_G0271434,has similarity to SAP domain-containing proteins
DDB_G0267602,"predicted to have a signal peptide, an extracellular domain and 7 C-terminal transmembrane domains"
DDB_G0277731,"predicted to have a signal peptide, an extracellular domain and a C terminal transmembrane domain"
DDB_G0268446,predicted to have a signal sequence and an extracellular domain
DDB_G0288723,ortholog of human QNG1
DDB_G0281199,has similarity to a serine/threonine-protein kinase-related domain
DDB_G0279817,predicted to have a signal peptide and an extracellular domain
DDB_G0273185,"has similarity to UPF0746, a family predicted to be involved in organization of the actin cytoskeleton"
DDB_G0270202,ortholog of human TSR2
DDB_G0283339,"predicted to have a signal peptide, an extracellular domain and a C-terminal transmembrane domain"
DDB_G0280367,ortholog of yeast FIS1
DDB_G0270302,predicted to have 4 transmembrane domains
DDB_G0293724,has similarity to a serine/threonine-protein kinase-related domain
DDB_G0286537,predicted to have a signal peptide and an extracellular domain
DDB_G0289789,has similarity to B box-type domain-containing protein
DDB_G0274919,has similarity to B box-type domain-containing protein
DDB_G0289673,similarity to vacuolar import and degradation regulator family proteins
DDB_G0268230,ortholog of human MFSD6; predicted to have 11 transmembrane domains
DDB_G0290245,has similarity to PANTHER Prespore-cell-inducing factor family
DDB_G0279859,belongs to PANTHER EGF-like domain-containing protein comC family; predicted to have a signal peptide and an extracellular domain and one C-terminal transmembrane domain
DDB_G0279325,"predicted to have a signal peptide, an extracellular domain and a C-terminal transmembrane domain"
DDB_G0293216,has similarity to mediator complex subunit 12 family
DDB_G0290627,belongs to PANTHER EGF-like domain-containing protein comC family; predicted to have a signal peptide and an extracellular domain
DDB_G0286267,predicted to have 4 transmembrane domains
DDB_G0276853,predicted to have a signal peptide and an extracellular domain
DDB_G0286329,"predicted to have a signal peptide, an extracellular domain and a C-terminal transmembrane domain"
DDB_G0279921,predicted to have a signal peptide and an extracellular domain
DDB_G0277271,predicted to have a signal sequence and an extracellular domain; has similarity to PANTHER family of proteins involved in differentiation and development
DDB_G0278315,predicted to have 6 transmembrane domains
DDB_G0291027,"predicted to have a signal peptide, an extracellular domain and a C-terminal transmembrane domain"
DDB_G0278691,ortholog of human TANGO6
DDB_G0276039,ortholog of human FYV4
DDB_G0275087,has similarity to PANTHER endotoxin N domain-containing protein family
DDB_G0274825,predicted to have a signal peptide and an extracellular domain
DDB_G0279573,"predicted to have a signal peptide, an extracellular domain and 7 C-terminal transmembrane domains"
DDB_G0277597,contains a predicted amino terminal transmembrane domain and a C-terminal transmembrane and an extracellular domain
DDB_G0267986,has similarity to PANTHER SAP domain-containing protein family
DDB_G0288957,belongs to PANTHER EGF-like domain-containing protein comC family
DDB_G0280123,ortholog of human METTL13
DDB_G0288041,similarity to PANTHER NUCLEAR PORE COMPLEX PROTEIN NUP1
DDB_G0289621,ortholog of S. cerevisiae PHO88; predicted to have 4 transmembrane domains
DDB_G0270708,belongs to PANTHER EGF-like domain-containing protein comC family; predicted to have a signal peptide and an extracellular domain and one C-terminal transmembrane domain
DDB_G0270232,has similarity to golvesin-related protein; predicted to have a signal peptide and an extracellular domain
DDB_G0272925,"ortholog of human ARHGAP23, Rho GTPase-activating protein 23"
DDB_G0271816,has similarity to PANTHER WW domain-binding protein family
DDB_G0275273,"predicted to have a signal peptide, an extracellular domain and a C-terminal transmembrane domain"
DDB_G0290465,has similarity to a serine/threonine-protein kinase-related domain
DDB_G0293598,has similarity to B box-type domain-containing protein
DDB_G0287491,predicted to have a signal sequence and an extracellular domain; has similarity to PANTHER family of proteins involved in differentiation and development
DDB_G0272450,belongs to PANTHER EGF-like domain-containing protein comC family; predicted to have a signal peptide and an extracellular domain and one C-terminal transmembrane domain
DDB_G0279589,ortholog of yeast YAR1
DDB_G0286061,predicted to have a signal peptide and an extracellular domain
DDB_G0280001,belongs to PANTHER EGF-like domain-containing protein comC family; predicted to have a signal peptide and an extracellular domain and one C-terminal transmembrane domain
DDB_G0270366,predicted to have a signal peptide and an extracellular domain
DDB_G0273237,ortholog of human ARB2A
DDB_G0272432,predicted to have 7 transmembrane domains
DDB_G0283787,belongs to PANTHER EGF-like domain-containing protein comC family; predicted to have a signal peptide and an extracellular domain and one C-terminal transmembrane domain
DDB_G0274393,predicted to have 7 transmembrane domains
DDB_G0292474,has similarity to PANTHER family THH1_TOM1_TOM3 DOMAIN-CONTAINING PROTEIN-RELATED-RELATED; predicted to have 7 transmembrane domains
DDB_G0288635,predicted to have 4 transmembrane domains
DDB_G0291285,ortholog of human CENPI
DDB_G0269084,has similarity to SAP domain-containing proteins
DDB_G0278015,ortholog of human SCAI
DDB_G0269202,predicted to have a signal sequence and an extracellular domain; has similarity to PANTHER family of proteins involved in differentiation and development
DDB_G0284721,has similarity to PANTHER family prespore vesicle-associated protein
DDB_G0269032,has similarity to PANTHER family prespore vesicle-associated protein
DDB_G0275497,predicted to have a signal peptide and an extracellular domain
DDB_G0289953,predicted to have one transmembrane domain with a C-terminal extracellular domain
DDB_G0281201,has similarity to a serine/threonine-protein kinase-related domain
DDB_G0283833,similarity to PANTHER quorum sensing complex regulator family; predicted to have a signal peptide and an extracellular domain and one C-terminal transmembrane domain
DDB_G0283149,predicted to have a signal peptide and an extracellular domain
DDB_G0290435,has similarity to SAP domain-containing proteins
DDB_G0269096,predicted to have 6 transmembrane domains
DDB_G0276747,has similarity to PANTHER family of proteins associated with plant stress responses
DDB_G0274707,contains one predicted amino terminal transmembrane domain and an extracellular domain
DDB_G0281103,contains a putative amino terminal transmembrane domain and an extracellular domain
DDB_G0293802,predicted to have signal sequence and a C-terminal transmembrane domain; has similarity to PANTHER kinase related family
DDB_G0280511,belongs to PANTHER EGF-like domain-containing protein comC family; predicted to have a signal peptide and an extracellular domain and one C-terminal transmembrane domain
DDB_G0268180,belongs to PANTHER EGF-like domain-containing protein comC family; predicted to have a signal peptide and an extracellular domain and one C-terminal transmembrane domain
DDB_G0291416,ortholog of human RNASEH2C
DDB_G0273189,transmembrane protein
DDB_G0288317,"predicted to have a signal peptide, an extracellular domain and a C-terminal transmembrane domain"
DDB_G0275303,"predicted to have a signal peptide, an extracellular domain and 7 C-terminal transmembrane domains"
DDB_G0289863,belongs to PANTHER EGF-like domain-containing protein comC family; predicted to have a signal peptide and an extracellular domain and one C-terminal transmembrane domain
DDB_G0268412,belongs to PANTHER EGF-like domain-containing protein comC family; predicted to have a signal peptide and an extracellular domain
DDB_G0290915,predicted to have 7 transmembrane domains
DDB_G0286569,predicted to have 3 transmembrane domains
DDB_G0293082,predicted to have a signal sequence and an extracellular domain; has similarity to PANTHER family of proteins involved in differentiation and development
DDB_G0267750,has similarity to GATA zinc finger domain-containing protein
DDB_G0295829,predicted to have a signal peptide and an extracellular domain and one C-terminal transmembrane domain
DDB_G0283147,similarity to PANTHER family RAD60-SLD DOMAIN-CONTAINING PROTEIN
DDB_G0278693,ortholog of human TANGO6
DDB_G0268092,ortholog of human ZSWIM7
DDB_G0281613,has similarity to a serine/threonine-protein kinase-related domain
DDB_G0275563,has similarity to B box-type domain-containing protein
DDB_G0276631,"ortholog of S. cerevisiae AIM18, altered inheritance of mitochondria protein 18, mitochondrial"
DDB_G0292810,predicted to have a signal sequence and an extracellular domain
DDB_G0267968,has similarity to F-box domain-containing proteins
DDB_G0270224,has similarity to B box-type domain-containing protein; contains two C-terminal transmembrane domains
DDB_G0288687,has similarity to SAP domain-containing proteins
DDB_G0275767,belongs to PANTHER EGF-like domain-containing protein comC family; predicted to have a signal peptide and an extracellular domain and one C-terminal transmembrane domain
DDB_G0283677,ortholog of human TTC1
DDB_G0271254,has similarity to a serine/threonine-protein kinase-related domain
DDB_G0293884,ortholog of human OGFR
DDB_G0274477,predicted to have a signal peptide and an extracellular domain and one C-terminal transmembrane domain
DDB_G0282973,predicted to have a signal peptide and an extracellular domain
DDB_G0277423,has similarity to a serine/threonine-protein kinase-related domain
DDB_G0277109,"predicted to have a signal peptide, an extracellular domain and a C-terminal transmembrane domain"
DDB_G0286025,predicted to have a signal peptide and an extracellular domain
DDB_G0282635,predicted to have 3 transmembrane domains
DDB_G0347826,has similarity to SAP domain-containing proteins
DDB_G0270308,has similarity to SAP domain-containing proteins
DDB_G0274547,predicted to have 11 transmembrane domains
DDB_G0274541,similarity to PANTHER quorum sensing complex regulator family; predicted to have a signal peptide and an extracellular domain and one C-terminal transmembrane domain
DDB_G0276135,predicted to have 3 transmembrane domains
DDB_G0281187,has similarity to a serine/threonine-protein kinase-related domain
DDB_G0290247,predicted to have 7 transmembrane domains; has similarity to PANTHER ARL6IP4 protein family
DDB_G0280493,has similarity to SAP domain-containing proteins
DDB_G0281193,has similarity to a serine/threonine-protein kinase-related domain
DDB_G0269764 (cnrC),has similarity to golvesin-related proteins; predicted to have a signal peptide and an extracellular domain
DDB_G0288103,"predicted to have a signal sequence, an extracellular domain and a transmembrane domain"
DDB_G0287289,has similarity to mucin-21
DDB_G0271034,belongs to PANTHER EGF-like domain-containing protein comC family; predicted to have a signal peptide and an extracellular domain and one C-terminal transmembrane domain
DDB_G0274973,has similarity to SAP domain-containing proteins
DDB_G0290495,ortholog of human FAM210B
DDB_G0276851,belongs to PANTHER EGF-like domain-containing protein comC family; predicted to have a signal peptide and an extracellular domain and one C-terminal transmembrane domain
DDB_G0274479,predicted to have 4 transmembrane domains
DDB_G0283361,ortholog of human AAR2
DDB_G0290841,"predicted to have a signal peptide, an extracellular domain and a C-terminal transmembrane domain"
DDB_G0284913,"predicted to have a signal sequence, extracellular domain and 9 transmembrane domains"
DDB_G0288647,ortholog of human ACAD8
DDB_G0284135,predicted to have 10 transmembrane domains
DDB_G0270050,predicted to have 4 transmembrane domains
DDB_G0272492,"predicted to have a signal peptide, an extracellular domain and a C terminal transmembrane domain"
DDB_G0280551,predicted to have 5 transmembrane domains
DDB_G0272378,predicted to have a signal peptide and an extracellular domain and one C-terminal transmembrane domain
DDB_G0273763,has similarity to PANTHER family THH1_TOM1_TOM3 DOMAIN-CONTAINING PROTEIN-RELATED-RELATED; predicted to have 7 transmembrane domains
DDB_G0268824,ortholog of human GTPBP8
DDB_G0285631,predicted to have one transmembrane domain
DDB_G0275321,has similarity to SAP domain-containing proteins
DDB_G0284073,predicted to have a signal peptide and an extracellular domain
DDB_G0291474,belongs to PANTHER EGF-like domain-containing protein comC family; predicted to have a signal peptide and an extracellular domain and one C-terminal transmembrane domain
DDB_G0277939,predicted to have one transmembrane domain
DDB_G0277425,has similarity to a serine/threonine-protein kinase-related domain
DDB_G0278975,predicted to have two transmembrane domains
DDB_G0274427,"predicted to have a signal peptide, an extracellular domain and a C terminal transmembrane domain"
DDB_G0285011,ortholog of human IBA57
